,Unnamed: 0.2,Unnamed: 0.1,Unnamed: 0,english,portuguese,is_known
0,0,0,0,You,Você,0
1,1,1,1,I,Eu,0
2,2,2,2,The,O,0
3,3,3,3,To,Para,0
4,4,4,4,A,Um,0
5,5,5,5,'s,Seu,0
6,6,6,6,It,Ela,0
7,7,7,7,And,E,0
8,8,8,8,That,Isso,0
9,9,9,9,'t,Não,0
10,10,10,10,Of,De,0
11,11,11,11,Is,É,0
12,12,12,12,In,Em,0
13,13,13,13,What,Que,0
14,14,14,14,We,Nós,0
15,15,15,15,Me,Me,0
16,16,16,16,This,Este,0
17,17,17,17,He,Ele,0
18,18,18,18,For,Durante,0
19,19,19,19,My,Meu,0
20,20,20,20,On,Em,0
21,21,21,21,Have,Ter,0
22,22,22,22,Your,Teu,0
23,23,23,23,Do,Fazer,0
24,24,24,24,Was,Foi,0
25,25,25,25,'m,Estou,0
26,26,26,26,No,Não,0
27,27,27,27,Not,Não,0
28,28,28,28,Be,Ser,0
29,29,29,29,Are,Are,0
30,30,30,30,Don,Vestir,0
31,31,31,31,'re,Está,0
32,32,32,32,Know,Saber,0
33,33,33,33,Can,Poder,0
34,34,34,34,With,Com,0
35,35,35,35,But,Mas,0
36,36,36,36,All,Todo,0
37,37,37,37,So,Então,0
38,38,38,38,Just,Só,0
39,39,39,39,There,Ali,0
40,40,40,40,Here,Aqui,0
41,41,41,41,They,Eles,0
42,42,42,42,Like,Gostar,0
43,43,43,43,'ll,Vai,0
44,44,44,44,Get,Obter,0
45,45,45,45,She,Ela,0
46,46,46,46,Go,Ir,0
47,47,47,47,If,Se,0
48,48,48,48,Right,Certo,0
49,49,49,49,Out,Fora,0
50,50,50,50,About,Sobre,0
51,51,51,51,Up,Em Cima,1
52,52,52,52,At,Em,0
53,53,53,53,Him,Ele,0
54,54,54,54,Now,Agora,0
55,55,55,55,Oh,Ah,0
56,56,56,56,One,Um,0
57,57,57,57,Come,Vir,0
58,58,58,58,Well,Poço,0
59,59,59,59,Her,Dela,0
60,60,60,60,How,Como,0
61,61,61,61,Yeah,Sim,0
62,62,62,62,Will,Vontade,0
63,63,63,63,Got,Tem,0
64,64,64,64,Want,Querer,0
65,65,65,65,Think,Pensar,0
66,66,66,66,As,Como,0
67,67,67,67,See,Ver,0
68,68,68,68,Did,Fez,0
69,69,69,69,Good,Bom,0
70,70,70,70,Who,Quem,0
71,71,71,71,Why,Por Que,0
72,72,72,72,From,De,0
73,73,73,73,Let,Deixar,0
74,74,74,74,His,Dele,0
75,75,75,75,Yes,Sim,0
76,76,76,76,When,Quando,0
77,77,77,77,Going,Vai,0
78,78,78,78,Time,Hora,0
79,79,79,79,An,Ano,0
80,80,80,80,Okay,Okey,0
81,81,81,81,Back,Voltar,0
82,82,82,82,Look,Olhar,0
83,83,83,83,Us,Nos,0
84,84,84,84,Would,Seria,0
85,85,85,85,Them,Eles,0
86,86,86,86,Where,Onde,0
87,87,87,87,Were,Estava,0
88,88,88,88,Take,Tomar,0
89,89,89,89,Then,Então,0
90,90,90,90,Had,Tinha,0
91,91,91,91,Or,Ou,0
92,92,92,92,Been,Sido,0
93,93,93,93,Our,Nosso,0
94,94,94,94,Gonna,Indo Para,0
95,95,95,95,Tell,Contar,0
96,96,96,96,Really,Realmente,0
97,97,97,97,Man,Homem,0
98,98,98,98,Some,Alguns,0
99,99,99,99,Say,Dizer,0
100,100,100,100,Hey,Ei,0
101,101,101,101,Could,Poderia,0
102,102,102,102,Didn,Não,0
103,103,103,103,By,Por,0
104,104,104,104,Need,Precisar,0
105,105,105,105,Something,Algo,0
106,106,106,106,Has,Tem,0
107,107,107,107,Too,Também,0
108,108,108,108,More,Mais,0
109,109,109,109,Way,Caminho,0
110,110,110,110,Down,Abaixo,0
111,111,111,111,Make,Fazer,0
112,112,112,112,Very,Muito,0
113,113,113,113,Never,Nunca,0
114,114,114,114,Only,Somente,0
115,115,115,115,People,Povo,0
116,116,116,116,Over,Sobre,0
117,117,117,117,Because,Porque,0
118,118,118,118,Little,Pouco,0
119,119,119,119,Please,Por Favor,0
120,120,120,120,Love,Amor,0
121,121,121,121,Should,Se,0
122,122,122,122,Mean,Significar,0
123,123,123,123,Said,Dito,0
124,124,124,124,Sorry,Desculpa,0
125,125,125,125,Give,Dar,0
126,126,126,126,Off,Desligado,0
127,127,127,127,Am,Sou,0
128,128,128,128,Thank,Agradecer;,0
129,129,129,129,Any,Qualquer,0
130,130,130,130,Two,Dois,0
131,131,131,131,Even,Mesmo,0
132,132,132,132,Much,Muito,0
133,133,133,133,Doing,Fazendo,0
134,134,134,134,Sure,Certo,0
135,135,135,135,Thing,Coisa,0
136,136,136,136,These,Estes,0
137,137,137,137,Help,Ajuda,0
138,138,138,138,First,Primeiro,0
139,139,139,139,Into,Em,0
140,140,140,140,Anything,Qualquer Coisa,0
141,141,141,141,Still,Ainda,0
142,142,142,142,Find,Encontrar,0
143,143,143,143,Life,Vida,0
144,144,144,144,Nothing,Nada,0
145,145,145,145,Sir,Senhor,0
146,146,146,146,Day,Dia,0
147,147,147,147,God,Deus,0
148,148,148,148,Work,Trabalho,0
149,149,149,149,Their,Seu,0
150,150,150,150,Uh,Uh,0
151,151,151,151,Again,Outra Vez,0
152,152,152,152,Maybe,Talvez,0
153,153,153,153,Must,Dever,0
154,154,154,154,Before,Antes,0
155,155,155,155,Other,Outro,0
156,156,156,156,Wait,Esperar,0
157,157,157,157,Stop,Parar,1
158,158,158,158,Call,Chamar,0
159,159,159,159,After,Depois,0
160,160,160,160,Won,Ganhou,0
161,161,161,161,Talk,Falar,0
162,162,162,162,Away,Fora,0
163,163,163,163,Than,Que,0
164,164,164,164,Thought,Pensamento,0
165,165,165,165,Home,Casa,1
166,166,166,166,Night,Noite,0
167,167,167,167,Put,Pôr,0
168,168,168,168,Great,Legal,0
169,169,169,169,Those,Aqueles,0
170,170,170,170,Last,Último,0
171,171,171,171,Better,Melhor,0
172,172,172,172,Everything,Tudo,0
173,173,173,173,Told,Disse,0
174,174,174,174,Mr.,Sr.,0
175,175,175,175,New,Novo,0
176,176,176,176,Things,Coisas,0
177,177,177,177,Always,Sempre,0
178,178,178,178,Keep,Guardar,0
179,179,179,179,Long,Longas,0
180,180,180,180,Years,Anos,0
181,181,181,181,Leave,Deixar,0
182,182,182,182,Does,Faz,0
183,183,183,183,Money,Dinheiro,0
184,184,184,184,Around,Ao Redor,0
185,185,185,185,Doesn,Não,0
186,186,186,186,Name,Nome,0
187,187,187,187,Place,Lugar,0
188,188,188,188,Ever,Alguma Vez,0
189,189,189,189,Feel,Sentir,0
190,190,190,190,Guys,Galera,0
191,191,191,191,Father,Pai,0
192,192,192,192,Guy,Cara,0
193,193,193,193,Made,Feito,0
194,194,194,194,Old,Velho,0
195,195,195,195,Isn,Isn,0
196,196,196,196,Which,Qual,0
197,197,197,197,Big,Grande,0
198,198,198,198,Lot,Lote,0
199,199,199,199,Done,Terminado,0
200,200,200,200,Hello,Olá,0
201,201,201,201,Nice,Simpático,0
202,202,202,202,Believe,Crer,0
203,203,203,203,Girl,Garota,0
204,204,204,204,Someone,Alguém,0
205,205,205,205,Fine,Multa,0
206,206,206,206,Thanks,Obrigado,0
207,207,207,207,Wanted,Procurado,0
208,208,208,208,Kind,Tipo,0
209,209,209,209,Coming,Vinda,0
210,210,210,210,House,Casa,0
211,211,211,211,Every,Cada,0
212,212,212,212,Ok,Okey,0
213,213,213,213,Through,Através,0
214,214,214,214,Being,Ser,0
215,215,215,215,Course,Curso,0
216,216,216,216,Stay,Ficar,0
217,217,217,217,Left,Esquerda,0
218,218,218,218,Dad,Papai,0
219,219,219,219,Enough,Suficiente,0
220,220,220,220,Happened,Aconteceu,0
221,221,221,221,Came,Veio,0
222,222,222,222,May,Maio,0
223,223,223,223,Mother,Mãe,0
224,224,224,224,Wrong,Errado,0
225,225,225,225,World,Mundo,0
226,226,226,226,Bad,Mau,0
227,227,227,227,Might,Força,0
228,228,228,228,Three,Três,0
229,229,229,229,Today,Hoje,0
230,230,230,230,Listen,Escutar,0
231,231,231,231,Another,Outro,0
232,232,232,232,Understand,Compreender,0
233,233,233,233,Hear,Ouvir,1
234,234,234,234,Remember,Lembrar,0
235,235,235,235,Ask,Pedir,0
236,236,236,236,Own,Possuir,0
237,237,237,237,Same,Mesmo,0
238,238,238,238,Show,Programa,0
239,239,239,239,Else,Mais,0
240,240,240,240,Kill,Matar,0
241,241,241,241,Talking,Falação,0
242,242,242,242,Found,Fundar,0
243,243,243,243,Next,Próximo,0
244,244,244,244,Getting,Ficando,0
245,245,245,245,Care,Cuidado,0
246,246,246,246,Car,Carro,0
247,247,247,247,Looking,Olhando,0
248,248,248,248,Son,Filho,0
249,249,249,249,Try,Tentar,0
250,250,250,250,Woman,Mulher,0
251,251,251,251,Went,Foi,0
252,252,252,252,Hi,Oi,0
253,253,253,253,Dead,Morto,0
254,254,254,254,Many,Muito,0
255,255,255,255,Mind,Mente,0
256,256,256,256,Wasn,Não Estava,0
257,257,257,257,Friend,Amigo,0
258,258,258,258,Best,Melhor,0
259,259,259,259,Mom,Mamãe,0
260,260,260,260,Hell,Inferno,0
261,261,261,261,Morning,Manhã,0
262,262,262,262,Trying,Difícil,0
263,263,263,263,Boy,Menino,0
264,264,264,264,Together,Junto,0
265,265,265,265,Yourself,Se,0
266,266,266,266,Job,Trabalho,0
267,267,267,267,Saw,Serra,0
268,268,268,268,Family,Família,0
269,269,269,269,Real,Real,0
270,270,270,270,Without,Sem,0
271,271,271,271,Baby,Bebê,0
272,272,272,272,Room,Quarto,0
273,273,273,273,Wouldn,Não,0
274,274,274,274,Already,Já,0
275,275,275,275,Move,Mover,0
276,276,276,276,Most,Mais,0
277,277,277,277,Seen,Óbvio,0
278,278,278,278,Live,Viver,0
279,279,279,279,Miss,Errar,0
280,280,280,280,Actually,Realmente,0
281,281,281,281,Huh,Hem,0
282,282,282,282,Shit,Merda,0
283,283,283,283,Both,Ambos,0
284,284,284,284,Heard,Fantasma,0
285,285,285,285,Once,Uma Vez,0
286,286,286,286,Ready,Pronto,0
287,287,287,287,Head,Cabeça,0
288,288,288,288,Called,Chamado,0
289,289,289,289,Used,Usado,0
290,290,290,290,Idea,Idéia,0
291,291,291,291,Knew,Sabia,0
292,292,292,292,Hold,Segurar,0
293,293,293,293,Happy,Feliz,0
294,294,294,294,Door,Porta,0
295,295,295,295,Such,Tal,0
296,296,296,296,Fuck,Foder,0
297,297,297,297,Brother,Irmão,0
298,298,298,298,Also,Também,0
299,299,299,299,Pretty,Bonito,0
300,300,300,300,Bit,Bit,0
301,301,301,301,Took,Levou,0
302,302,302,302,Haven,Refúgio,0
303,303,303,303,Yet,Ainda,0
304,304,304,304,Men,Homens,0
305,305,305,305,Whole,Todo,1
306,306,306,306,Start,Começar,0
307,307,307,307,Use,Usar,0
308,308,308,308,While,Enquanto,0
309,309,309,309,Since,Desde,0
310,310,310,310,Wife,Esposa,0
311,311,311,311,Days,Dias,0
312,312,312,312,Guess,Adivinhar,0
313,313,313,313,Tomorrow,Amanhã,0
314,314,314,314,Matter,Matéria,0
315,315,315,315,Meet,Encontrar,0
316,316,316,316,Bring,Trazer,0
317,317,317,317,Tonight,Esta Noite,0
318,318,318,318,Everyone,Todos,0
319,319,319,319,Run,Correr,0
320,320,320,320,Wanna,Quero,0
321,321,321,321,Hard,Duro,0
322,322,322,322,Ah,Ah,0
323,323,323,323,Alone,Só,0
324,324,324,324,Myself,Me,0
325,325,325,325,School,Escola,0
326,326,326,326,Gone,Sumido,0
327,327,327,327,Um,Micrômetro,0
328,328,328,328,End,Fim,0
329,329,329,329,Saying,Ditado,0
330,330,330,330,Phone,Telefone,0
331,331,331,331,Play,Brincar,0
332,332,332,332,Looks,Parece,0
333,333,333,333,Couldn,Não Consegui,0
334,334,334,334,Fucking,Do Caralho,0
335,335,335,335,Problem,Problema,0
336,336,336,336,Few,Pouco,0
337,337,337,337,Friends,Amigos,0
338,338,338,338,Gotta,Precisa,0
339,339,339,339,Ago,Atrás,0
340,340,340,340,Open,Abrir,0
341,341,341,341,Anyone,Alguém,0
342,342,342,342,Killed,Matou,0
343,343,343,343,Hope,Esperança,0
344,344,344,344,Face,Rosto,0
345,345,345,345,Until,Até,0
346,346,346,346,Lost,Perdido,0
347,347,347,347,Police,Polícia,0
348,348,348,348,Excuse,Desculpa,0
349,349,349,349,Turn,Virar,0
350,350,350,350,Business,Negócio,0
351,351,351,351,Case,Caso,0
352,352,352,352,Wants,Quer,0
353,353,353,353,Says,Diz,0
354,354,354,354,True,Verdadeiro,0
355,355,355,355,Die,Morrer,0
356,356,356,356,Heart,Coração,0
357,357,357,357,Soon,Em Breve,0
358,358,358,358,Each,Cada,0
359,359,359,359,Worry,Preocupação,0
360,360,360,360,Later,Posterior,0
361,361,361,361,Year,Ano,0
362,362,362,362,Watch,Relógio,0
363,363,363,363,Music,Música,0
364,364,364,364,Hand,Mão,1
365,365,365,365,Having,Ter,0
366,366,366,366,Probably,Provavelmente,0
367,367,367,367,Beautiful,Bonito,0
368,368,368,368,Doctor,Médico,0
369,369,369,369,Sit,Sentar,0
370,370,370,370,Eat,Comer,0
371,371,371,371,Thinking,Pensante,0
372,372,372,372,Young,Jovem,0
373,373,373,373,Second,Segundo,0
374,374,374,374,Working,Trabalhando,0
375,375,375,375,Water,Água,0
376,376,376,376,Person,Pessoa,0
377,377,377,377,Part,Parte,0
378,378,378,378,Kids,Garotada,0
379,379,379,379,Late,Tarde,0
380,380,380,380,Stuff,Rechear,0
381,381,381,381,Exactly,Exatamente,0
382,382,382,382,Under,Debaixo,0
383,383,383,383,Death,Morte,0
384,384,384,384,Minute,Minuto,0
385,385,385,385,Pay,Pagar,0
386,386,386,386,Crazy,Louco,0
387,387,387,387,Forget,Esquecer,0
388,388,388,388,Everybody,Todos,0
389,389,389,389,Kid,Cabrito,0
390,390,390,390,Change,Mudar,0
391,391,391,391,Gave,Deu,0
392,392,392,392,Happen,Acontecer,0
393,393,393,393,Damn,Droga,0
394,394,394,394,Five,Cinco,0
395,395,395,395,Drink,Beber,0
396,396,396,396,Far,Longe,0
397,397,397,397,Knows,Sabe,0
398,398,398,398,Its,Seu,0
399,399,399,399,Whatever,O Que Quer Que Seja,0
400,400,400,400,Eyes,Olho,0
401,401,401,401,Shut,Fechar,0
402,402,402,402,Aren,Aren,0
403,403,403,403,Hit,Bater,1
404,404,404,404,Taking,Levar,0
405,405,405,405,Easy,Fácil,0
406,406,406,406,Times,Vezes,0
407,407,407,407,Check,Verificar,0
408,408,408,408,Hands,Mãos,0
409,409,409,409,Minutes,Ata,0
410,410,410,410,Deal,Negócio,0
411,411,411,411,Different,Diferente,0
412,412,412,412,Means,Significa,0
413,413,413,413,Point,Ponto,0
414,414,414,414,Inside,Dentro,0
415,415,415,415,Makes,Faz,0
416,416,416,416,Asked,Pediu,0
417,417,417,417,Somebody,Alguém,0
418,418,418,418,Mine,Mina,0
419,419,419,419,Making,Fazer,0
420,420,420,420,Body,Corpo,0
421,421,421,421,Afraid,Receoso,0
422,422,422,422,Sleep,Dormir,0
423,423,423,423,Chance,Chance,0
424,424,424,424,Dear,Querido,0
425,425,425,425,Quite,Bastante,0
426,426,426,426,Four,Quatro,0
427,427,427,427,Anyway,De Qualquer Maneira,0
428,428,428,428,Close,Fechar,0
429,429,429,429,Ain,Ain,0
430,430,430,430,Party,Partido,0
431,431,431,431,Fun,Divertimento,0
432,432,432,432,Against,Contra,0
433,433,433,433,Word,Palavra,0
434,434,434,434,Comes,Vem,0
435,435,435,435,Important,Importante,0
436,436,436,436,Set,Pôr,0
437,437,437,437,Shall,Dever,0
438,438,438,438,Story,História,0
439,439,439,439,Number,Número,0
440,440,440,440,Daughter,Filha,0
441,441,441,441,Least,Menos,0
442,442,442,442,Waiting,Espera,0
443,443,443,443,Hurt,Machucar,0
444,444,444,444,Wish,Desejo,0
445,445,445,445,Moment,Momento,0
446,446,446,446,Fight,Lutar,0
447,447,447,447,Week,Semana,0
448,448,448,448,Husband,Marido,0
449,449,449,449,Girls,Raparigas,0
450,450,450,450,Rest,Descansar,0
451,451,451,451,Married,Casado,0
452,452,452,452,Fire,Fogo,0
453,453,453,453,Game,Jogo,0
454,454,454,454,Nobody,Ninguém,1
455,455,455,455,Mr,Sr,0
456,456,456,456,Children,Crianças,0
457,457,457,457,Side,Lado,0
458,458,458,458,Stand,Estar Em Pé,0
459,459,459,459,Read,Ler,0
460,460,460,460,Though,Embora,0
461,461,461,461,Cut,Cortar,0
462,462,462,462,Started,Começou,0
463,463,463,463,Sister,Irmã,0
464,464,464,464,Supposed,Suposto,0
465,465,465,465,Between,Entre,0
466,466,466,466,Child,Criança,0
467,467,467,467,Goes,Vai,0
468,468,468,468,Hours,Horas,0
469,469,469,469,Speak,Falar,0
470,470,470,470,Women,Mulher,0
471,471,471,471,Behind,Atrás,0
472,472,472,472,Almost,Quase,0
473,473,473,473,Truth,Verdade,0
474,474,474,474,Blood,Sangue,0
475,475,475,475,Able,Capaz,0
476,476,476,476,Lady,Senhora,0
477,477,477,477,Anymore,Mais,0
478,478,478,478,Playing,Jogar,0
479,479,479,479,Gets,Obtém,0
480,480,480,480,Shot,Injeção,0
481,481,481,481,Reason,Razão,0
482,482,482,482,Trouble,Incomodar,0
483,483,483,483,Break,Quebrar,0
484,484,484,484,War,Guerra,0
485,485,485,485,City,Cidade,0
486,486,486,486,Walk,Andar,0
487,487,487,487,Town,Cidade,0
488,488,488,488,Trust,Confiar,0
489,489,489,489,Dr.,Dr.,0
490,490,490,490,Met,Conheci,0
491,491,491,491,Office,Escritório,0
492,492,492,492,Question,Pergunta,0
493,493,493,493,Brought,Trazido,0
494,494,494,494,Yours,Seu,0
495,495,495,495,Welcome,Bem-Vindo,0
496,496,496,496,High,Alto,0
497,497,497,497,Wow,Uau,0
498,498,498,498,Couple,Par,0
499,499,499,499,Half,Metade,0
500,500,500,500,Died,Morreu,0
501,501,501,501,Cool,Fresco,0
502,502,502,502,Free,Livre,0
503,503,503,503,Either,Tampouco,0
504,504,504,504,Seems,Parece,0
505,505,505,505,Power,Poder,0
506,506,506,506,Whoa,Uau,0
507,507,507,507,Bye,Tchau,0
508,508,508,508,Buy,Comprar,0
509,509,509,509,Telling,Dizendo,0
510,510,510,510,Honey,Mel,1
511,511,511,511,Tried,Tentei,0
512,512,512,512,Front,Frente,0
513,513,513,513,Team,Equipe,0
514,514,514,514,Answer,Responder,0
515,515,515,515,Gun,Arma,0
516,516,516,516,Boys,Rapazes,0
517,517,517,517,Line,Linha,0
518,518,518,518,Send,Enviar,0
519,519,519,519,News,Notícia,0
520,520,520,520,Stupid,Estúpido,0
521,521,521,521,Bed,Cama,0
522,522,522,522,Hurry,Pressa,0
523,523,523,523,Full,Cheio,0
524,524,524,524,Months,Meses,0
525,525,525,525,Save,Salvar,0
526,526,526,526,Sometimes,Às Vezes,0
527,527,527,527,Become,Tornar,0
528,528,528,528,Along,Ao Longo De,0
529,529,529,529,Hate,Odiar,0
530,530,530,530,Food,Alimento,0
531,531,531,531,Outside,Fora,0
532,532,532,532,Light,Luz,0
533,533,533,533,Needs,Necessidades,0
534,534,534,534,Dog,Cão,0
535,535,535,535,Country,País,0
536,536,536,536,Clear,Claro,0
537,537,537,537,Order,Ordem,0
538,538,538,538,Em,Eme,0
539,539,539,539,Fact,Fato,0
540,540,540,540,Lord,Senhor,0
541,541,541,541,Captain,Capitão,0
542,542,542,542,Six,Seis,0
543,543,543,543,Hot,Quente,0
544,544,544,544,Funny,Engraçado,0
545,545,545,545,Black,Preto,0
546,546,546,546,Mrs.,Sra.,0
547,547,547,547,Alive,Vivo,0
548,548,548,548,Pick,Colher,0
549,549,549,549,Feeling,Sentimento,0
550,550,550,550,Living,Vivo,0
551,551,551,551,Cause,Causa,0
552,552,552,552,Ahead,Adiante,0
553,553,553,553,Lose,Perder,0
554,554,554,554,King,Rei,0
555,555,555,555,Plan,Plano,0
556,556,556,556,Dinner,Jantar,0
557,557,557,557,Sighs,Suspiros,0
558,558,558,558,Sort,Ordenar,0
559,559,559,559,Leaving,Deixando,0
560,560,560,560,Shouldn,Deveria,0
561,561,561,561,Running,Executando,0
562,562,562,562,Boss,Chefe,0
563,563,563,563,Alright,Tudo Bem,0
564,564,564,564,Promise,Prometer,0
565,565,565,565,Taken,Tomado,0
566,566,566,566,Safe,Seguro,0
567,567,567,567,Ma,Mamã,0
568,568,568,568,Book,Livro,0
569,569,569,569,Sent,Enviado,0
570,570,570,570,White,Branco,0
571,571,571,571,Hour,Hora,0
572,572,572,572,Anybody,Qualquer Um,0
573,573,573,573,Small,Pequeno,0
574,574,574,574,Perfect,Perfeito,0
575,575,575,575,'cause,Porque,0
576,576,576,576,Lives,Vidas,0
577,577,577,577,Special,Especial,0
578,578,578,578,Parents,Pais,0
579,579,579,579,John,John,0
580,580,580,580,Himself,Ele Mesmo,0
581,581,581,581,Perhaps,Talvez,0
582,582,582,582,Sounds,Sons,0
583,583,583,583,Serious,Sério,0
584,584,584,584,Sick,Doente,0
585,585,585,585,Company,Companhia,0
586,586,586,586,Ha,Ha,0
587,587,587,587,Scared,Assustado,0
588,588,588,588,Uncle,Tio,0
589,589,589,589,Poor,Pobre,0
590,590,590,590,Red,Vermelho,0
591,591,591,591,Past,Passado,0
592,592,592,592,Earth,Terra,0
593,593,593,593,Possible,Possível,0
594,594,594,594,Shoot,Atirar,0
595,595,595,595,Touch,Tocar,0
596,596,596,596,Sound,Som,0
597,597,597,597,Top,Início,0
598,598,598,598,Ass,Burro,0
599,599,599,599,Laughs,Ri,0
600,600,600,600,Cannot,Não,0
601,601,601,601,Asking,Perguntando,0
602,602,602,602,Win,Ganhar,0
603,603,603,603,Glad,Feliz,0
604,604,604,604,Control,Controle,0
605,605,605,605,Hmm,Hmm,0
606,606,606,606,Human,Humano,0
607,607,607,607,Drive,Dirigir,0
608,608,608,608,Hair,Cabelo,0
609,609,609,609,Jack,Valete,0
610,610,610,610,Bitch,Vadia,0
611,611,611,611,Luck,Sorte,0
612,612,612,612,Murder,Assassinar,0
613,613,613,613,Happens,Acontece,0
614,614,614,614,Air,Ar,1
615,615,615,615,Ten,Dez,0
616,616,616,616,Daddy,Papai,0
617,617,617,617,Finally,Finalmente,0
618,618,618,618,Chuckles,Risos,0
619,619,619,619,Fast,Rápido,0
620,620,620,620,Cold,Frio,0
621,621,621,621,Seem,Parecer,0
622,622,622,622,Laughing,Rindo,0
623,623,623,623,Words,Palavras,0
624,624,624,624,Hospital,Hospital,0
625,625,625,625,Street,Rua,0
626,626,626,626,Hang,Pendurar,0
627,627,627,627,Dance,Dançar,0
628,628,628,628,Meeting,Reunião,0
629,629,629,629,Till,Até,0
630,630,630,630,Others,Outros,0
631,631,631,631,Catch,Pegar,0
632,632,632,632,Follow,Seguir,0
633,633,633,633,Sense,Sentido,0
634,634,634,634,Sex,Sexo,0
635,635,635,635,Lie,Mentir,0
636,636,636,636,Evening,Noite,0
637,637,637,637,Master,Senhor,0
638,638,638,638,Known,Conhecido,0
639,639,639,639,Dream,Sonho,0
640,640,640,640,Write,Escrever,0
641,641,641,641,Million,Milhão,0
642,642,642,642,Voice,Voz,0
643,643,643,643,Sweet,Doce,0
644,644,644,644,Rather,De Preferência,0
645,645,645,645,Felt,Feltro,0
646,646,646,646,Sign,Sinal,0
647,647,647,647,Lucky,Afortunado,0
648,648,648,648,Somewhere,Em Algum Lugar,0
649,649,649,649,Bet,Apostar,0
650,650,650,650,Jesus,Jesus,0
651,651,651,651,Longer,Mais,0
652,652,652,652,Calling,Vocação,0
653,653,653,653,Worked,Trabalhou,0
654,654,654,654,Quiet,Quieto,0
655,655,655,655,Looked,Parecia,0
656,656,656,656,Less,Menos,0
657,657,657,657,Pull,Puxar,0
658,658,658,658,Beat,Bater,0
659,659,659,659,Careful,Cuidadoso,0
660,660,660,660,Coffee,Café,0
661,661,661,661,Return,Retornar,0
662,662,662,662,Secret,Segredo,0
663,663,663,663,Weeks,Semanas,0
664,664,664,664,Weren,Não Estávamos,0
665,665,665,665,Date,Data,0
666,666,666,666,Seeing,Ver,0
667,667,667,667,Fall,Cair,0
668,668,668,668,Given,Dado,0
669,669,669,669,Ooh,Ooh,0
670,670,670,670,Fault,Falta,0
671,671,671,671,Straight,Reto,0
672,672,672,672,Takes,Leva,0
673,673,673,673,Song,Canção,0
674,674,674,674,Future,Futuro,0
675,675,675,675,Gentlemen,Senhores,0
676,676,676,676,Loved,Amado,0
677,677,677,677,Changed,Mudou,0
678,678,678,678,Road,Caminho,0
679,679,679,679,Calm,Calmo,0
680,680,680,680,Wonderful,Maravilhoso,0
681,681,681,681,Mad,Louco,0
682,682,682,682,Turned,Virado,0
683,683,683,683,Drop,Deixar Cair,0
684,684,684,684,Ladies,Senhoras,0
685,685,685,685,Learn,Aprender,0
686,686,686,686,Step,Passo,0
687,687,687,687,Absolutely,Absolutamente,0
688,688,688,688,Early,Cedo,0
689,689,689,689,Explain,Explicar,0
690,690,690,690,Clean,Limpo,0
691,691,691,691,Piece,Peça,0
692,692,692,692,Yesterday,Ontem,0
693,693,693,693,Throw,Jogar,0
694,694,694,694,Picture,Imagem,0
695,695,695,695,Land,Terra,0
696,696,696,696,Feet,Pé,0
697,697,697,697,Wonder,Maravilha,0
698,698,698,698,Questions,Perguntas,0
699,699,699,699,Speaking,Falando,0
700,700,700,700,Worth,Valor,0
701,701,701,701,Darling,Querido,0
702,702,702,702,Dude,Cara,0
703,703,703,703,Giving,Dando,0
704,704,704,704,President,Presidente,0
705,705,705,705,Eye,Olho,0
706,706,706,706,Quick,Rápido,0
707,707,707,707,Moving,Movente,0
708,708,708,708,Figure,Figura,0
709,709,709,709,State,Estado,0
710,710,710,710,Strong,Forte,0
711,711,711,711,Sam,Sam,0
712,712,712,712,,Nenhum,0
713,713,713,713,Amazing,Incrível,0
714,714,714,714,Ones,Uns,0
715,715,715,715,Works,Obras,0
716,716,716,716,Act,Agir,0
717,717,717,717,Needed,Necessário,0
718,718,718,718,Weird,Esquisito,0
719,719,719,719,Law,Lei,0
720,720,720,720,Worried,Preocupado,0
721,721,721,721,Report,Relatório,0
722,722,722,722,Goodbye,Até Logo,0
723,723,723,723,Missing,Desaparecido,0
724,724,724,724,Choice,Escolha,0
725,725,725,725,Happening,Acontecimento,0
726,726,726,726,Chief,Chefe,0
727,727,727,727,Wedding,Casamento,0
728,728,728,728,Strange,Estranho,0
729,729,729,729,General,Geral,0
730,730,730,730,Pain,Dor,0
731,731,731,731,Kidding,Brincando,0
732,732,732,732,Decided,Decidido,0
733,733,733,733,Ya,Você,0
734,734,734,734,Pass,Passar,0
735,735,735,735,Tired,Cansado,0
736,736,736,736,Class,Classe,0
737,737,737,737,Officer,Oficial,0
738,738,738,738,Kept,Mantido,0
739,739,739,739,Wake,Acordar,0
740,740,740,740,Worse,Pior,0
741,741,741,741,Busy,Ocupado,0
742,742,742,742,Eh,Eh,0
743,743,743,743,Mistake,Erro,0
744,744,744,744,Kiss,Beijar,0
745,745,745,745,Court,Tribunal,0
746,746,746,746,Building,Edifício,0
747,747,747,747,Finish,Acabar,1
748,748,748,748,During,Durante,0
749,749,749,749,Age,Idade,0
750,750,750,750,Ship,Navio,0
751,751,751,751,Caught,Apanhado,0
752,752,752,752,Marry,Casar,0
753,753,753,753,Meant,Significava,0
754,754,754,754,Sell,Vender,0
755,755,755,755,Dark,Escuro,0
756,756,756,756,Watching,Atento,0
757,757,757,757,System,Sistema,0
758,758,758,758,Suppose,Supor,0
759,759,759,759,Evidence,Evidência,0
760,760,760,760,Movie,Filme,0
761,761,761,761,Ride,Montar,0
762,762,762,762,Completely,Completamente,0
763,763,763,763,Mouth,Boca,0
764,764,764,764,Totally,Totalmente,0
765,765,765,765,Birthday,Aniversário,0
766,766,766,766,Tv,Tevê,0
767,767,767,767,Forgive,Perdoar,0
768,768,768,768,Born,Nascer,0
769,769,769,769,Imagine,Imaginar,0
770,770,770,770,Information,Informação,0
771,771,771,771,Instead,Em Vez De,0
772,772,772,772,Definitely,Definitivamente,0
773,773,773,773,Security,Segurança,0
774,774,774,774,Certainly,Certamente,0
775,775,775,775,Film,Filme,0
776,776,776,776,Month,Mês,0
777,777,777,777,Lying,Mentindo,0
778,778,778,778,Unless,A Menos Que,0
779,779,779,779,Train,Trem,0
780,780,780,780,Seven,Sete,0
781,781,781,781,Wear,Desgaste,0
782,782,782,782,Clothes,Roupa,0
783,783,783,783,Michael,Michael,0
784,784,784,784,Hotel,Hotel,0
785,785,785,785,Christmas,Natal,0
786,786,786,786,Attack,Atacar,0
787,787,787,787,Hasn,Não Tem,0
788,788,788,788,Round,Redondo,0
789,789,789,789,Expect,Esperar,0
790,790,790,790,Sing,Cantar,0
791,791,791,791,Terrible,Terrível,0
792,792,792,792,George,George,0
793,793,793,793,Bag,Saco,0
794,794,794,794,History,História,0
795,795,795,795,Blue,Azul,0
796,796,796,796,Near,Perto,0
797,797,797,797,Broke,Duro,0
798,798,798,798,Station,Estação,0
799,799,799,799,Seriously,Seriamente,0
800,800,800,800,Forever,Eternamente,0
801,801,801,801,David,Davi,0
802,802,802,802,Frank,Franco,0
803,803,803,803,Except,Exceto,0
804,804,804,804,Thinks,Pensa,0
805,805,805,805,Message,Mensagem,0
806,806,806,806,Entire,Inteiro,0
807,807,807,807,Joe,Joe,0
808,808,808,808,Table,Mesa,0
809,809,809,809,Talked,Falado,0
810,810,810,810,Across,Através,0
811,811,811,811,Rock,Rocha,0
812,812,812,812,Lovely,Adorável,0
813,813,813,813,Handle,Manejar,0
814,814,814,814,Middle,Meio,0
815,815,815,815,Buddy,Amigo,0
816,816,816,816,Paid,Pago,0
817,817,817,817,Protect,Proteger,0
818,818,818,818,Using,Usando,0
819,819,819,819,Floor,Chão,0
820,820,820,820,Ran,Correu,0
821,821,821,821,Swear,Jurar,0
822,822,822,822,Spend,Gastar,0
823,823,823,823,Situation,Situação,0
824,824,824,824,Ring,Anel,0
825,825,825,825,Anywhere,Em Qualquer Lugar,0
826,826,826,826,Dangerous,Perigoso,0
827,827,827,827,Bill,Conta,0
828,828,828,828,York,York,0
829,829,829,829,Army,Exército,0
830,830,830,830,Lead,Chumbo,0
831,831,831,831,Bought,Comprado,0
832,832,832,832,Finished,Terminado,0
833,833,833,833,Fair,Justo,0
834,834,834,834,Sun,Sol,0
835,835,835,835,Letter,Letra,0
836,836,836,836,Fool,Enganar,0
837,837,837,837,Attention,Atenção,0
838,838,838,838,Club,Porrete,0
839,839,839,839,Simple,Simples,0
840,840,840,840,Interesting,Interessante,0
841,841,841,841,Space,Espaço,0
842,842,842,842,Test,Teste,0
843,843,843,843,Box,Caixa,0
844,844,844,844,Group,Grupo,0
845,845,845,845,Single,Único,0
846,846,846,846,Sitting,Sentado,0
847,847,847,847,Marriage,Casamento,0
848,848,848,848,Join,Juntar,0
849,849,849,849,Fear,Medo,0
850,850,850,850,Peace,Paz,0
851,851,851,851,Forgot,Esqueci,0
852,852,852,852,Force,Força,0
853,853,853,853,Short,Curto,0
854,854,854,854,Normal,Normal,0
855,855,855,855,Charlie,Charlie,0
856,856,856,856,Present,Presente,0
857,857,857,857,Enjoy,Desfrutar,0
858,858,858,858,Mike,Microfone,0
859,859,859,859,Crime,Crime,0
860,860,860,860,Horse,Cavalo,0
861,861,861,861,Ground,Chão,0
862,862,862,862,American,Americano,0
863,863,863,863,Count,Contar,0
864,864,864,864,Area,Área,0
865,865,865,865,Charge,Acusação,0
866,866,866,866,Honor,Honra,0
867,867,867,867,Lunch,Almoço,0
868,868,868,868,Miles,Km,0
869,869,869,869,Radio,Rádio,0
870,870,870,870,Idiot,Idiota,0
871,871,871,871,Ball,Bola,0
872,872,872,872,Surprise,Surpreender,0
873,873,873,873,Paper,Papel,0
874,874,874,874,Key,Chave,0
875,875,875,875,Boat,Barco,0
876,876,876,876,Quickly,Rápido,0
877,877,877,877,Gold,Ouro,0
878,878,878,878,Bar,Barra,0
879,879,879,879,Fish,Peixe,0
880,880,880,880,Mark,Assinalar,0
881,881,881,881,Tom,Tom,0
882,882,882,882,Wearing,Usando,0
883,883,883,883,Crying,Choro,0
884,884,884,884,Accident,Acidente,0
885,885,885,885,Government,Governo,0
886,886,886,886,Eight,Oito,0
887,887,887,887,Fell,Caiu,0
888,888,888,888,Cover,Cobrir,0
889,889,889,889,Certain,Certo,0
890,890,890,890,Interested,Interessado,0
891,891,891,891,Deep,Fundo,0
892,892,892,892,Star,Estrela,0
893,893,893,893,Sea,Mar,0
894,894,894,894,Agree,Concordar,0
895,895,895,895,Problems,Problemas,0
896,896,896,896,Detective,Detetive,0
897,897,897,897,Prison,Prisão,0
898,898,898,898,Major,Principal,0
899,899,899,899,Stick,Grudar,0
900,900,900,900,Offer,Oferecer,0
901,901,901,901,Difficult,Difícil,0
902,902,902,902,Smart,Inteligente,0
903,903,903,903,Personal,Pessoal,0
904,904,904,904,Record,Registro,0
905,905,905,905,Stopped,Parado,0
906,906,906,906,Hide,Esconder,0
907,907,907,907,Whether,Se,0
908,908,908,908,Bank,Banco,0
909,909,909,909,Trip,Viagem,0
910,910,910,910,Relax,Relaxar,0
911,911,911,911,America,América,0
912,912,912,912,Public,Público,0
913,913,913,913,List,Lista,0
914,914,914,914,Afternoon,Tarde,0
915,915,915,915,Brain,Cérebro,0
916,916,916,916,Fix,Consertar,0
917,917,917,917,Bastard,Bastardo,0
918,918,918,918,Proud,Orgulhoso,0
919,919,919,919,Tea,Chá,0
920,920,920,920,Service,Serviço,0
921,921,921,921,Screaming,Gritando,0
922,922,922,922,Forward,Encaminhar,0
923,923,923,923,Angry,Irritado,0
924,924,924,924,Park,Parque,0
925,925,925,925,Soul,Alma,0
926,926,926,926,Fighting,Lutando,0
927,927,927,927,Peter,Pedro,0
928,928,928,928,Rich,Rico,0
929,929,929,929,Agent,Agente,0
930,930,930,930,Blow,Soprar,0
931,931,931,931,Paul,Paul,0
932,932,932,932,Dress,Vestir,0
933,933,933,933,Mary,Maria,0
934,934,934,934,Missed,Perdeu,0
935,935,935,935,Scene,Cena,0
936,936,936,936,Killing,Matança,0
937,937,937,937,Standing,Situação,0
938,938,938,938,Saved,Salvou,1
939,939,939,939,Mm,Milímetro,0
940,940,940,940,Respect,Respeito,0
941,941,941,941,Killer,Assassino,0
942,942,942,942,Ice,Gelo,0
943,943,943,943,Mess,Bagunça,0
944,944,944,944,Tough,Durão,0
945,945,945,945,Feels,Sente,0
946,946,946,946,Church,Igreja,0
947,947,947,947,Sad,Triste,0
948,948,948,948,Cell,Célula,0
949,949,949,949,Drunk,Embriagado,0
950,950,950,950,Share,Compartilhar,0
951,951,951,951,Camera,Câmera,0
952,952,952,952,Mm-Hmm,Mm-Hmm,0
953,953,953,953,Within,Dentro De,0
954,954,954,954,Card,Cartão,0
955,955,955,955,Fly,Voar,0
956,956,956,956,Ben,Ben,0
957,957,957,957,Girlfriend,Namorada,0
958,958,958,958,Laugh,Rir,0
959,959,959,959,Smell,Cheirar,0
960,960,960,960,Broken,Quebrado,0
961,961,961,961,Mum,Mãe,0
962,962,962,962,Honest,Honesto,0
963,963,963,963,Often,Amiúde,0
964,964,964,964,Starting,Começo,0
965,965,965,965,Calls,Chamadas,0
966,966,966,966,Spent,Gasto,0
967,967,967,967,Third,Terceiro,0
968,968,968,968,English,Inglês,0
969,969,969,969,Visit,Visitar,0
970,970,970,970,Mama,Mamã,0
971,971,971,971,Judge,Juiz,0
972,972,972,972,Window,Janela,0
973,973,973,973,Hungry,Faminto,0
974,974,974,974,Dare,Ousar,0
975,975,975,975,Relationship,Relação,0
976,976,976,976,Moved,Movido,0
977,977,977,977,Prove,Provar,0
978,978,978,978,Private,Privado,0
979,979,979,979,Wall,Parede,0
980,980,980,980,Seat,Assento,0
981,981,981,981,I-I,Eu-Eu,0
982,982,982,982,Position,Posição,0
983,983,983,983,Lieutenant,Tenente,0
984,984,984,984,Realize,Realizar,0
985,985,985,985,Lt,Tenente,0
986,986,986,986,Especially,Especialmente,0
987,987,987,987,Machine,Máquina,0
988,988,988,988,Walking,Ambulante,0
989,989,989,989,Art,Arte,0
990,990,990,990,Pleasure,Prazer,0
